{
  "id": "cybersynth-innovations",
  "title": "CyberSynth Innovations",
  "description": "Charlis' company in Cyberpunk RED.",
  "version": "0.0.2",
  "authors": [
    {
      "name": "3lixir Ltd",
      "url": "https://3lixir.co.uk",
      "discord": "3lixirttv",
      "flags": {
        "patreon": "3lixir",
        "github": "3lixir-Ltd"
      }
    }
  ],
  "readme": "README.md",
  "license": "UNLICENSED",
  "bugs": "https://github.com/3lixir-Ltd/cybersynth-innovations/issues",
  "changelog": "https://raw.githubusercontent.com//3lixir-Ltd/cybersynth-innovations/master/README.md",
  "url": "https://3lixir.co.uk",
  "manifest": "https://raw.githubusercontent.com/3lixir-Ltd/cybersynth-innovations/master/module.json",
  "download": "https://github.com/3lixir-Ltd/cybersynth-innovations/raw/master/cybersynth-innovations.zip",
  "compatibility": {
    "minimum": "11",
    "verified": "11.315",
    "maximum": "11.999"
  },
  "packs": [
    {
      "name": "cybersynth-innovations",
      "label": "CyberSynth Innovations",
      "path": "./packs/cybersynth-innovations",
      "type": "Item",
      "system": "cyberpunk-red-core",
      "ownership": {
        "PLAYER": "OBSERVER",
        "ASSISTANT": "OWNER"
      }
    }
  ]
}